canonical_key,draft_field_id,engine_key,source_calculator,subject,quantity_kind,basis,characteristic,definition,storage_unit_D002,engine_native_unit,valid_input_display_units,display_precision,value_role,mapping_foundation_family,identity_group
ac_compressor_pulley_diameter,compressor_pulley_diameter__in,ac_compressor.cpd,ac_compressor,A/C compressor pulley,length (diameter),—,nominal,A/C compressor pulley — length (diameter); basis: —; characteristic: nominal,in,in,"in, mm",6 significant digits,SPECIFICATION,"ELECTRICAL, FLUID & UTILITIES",
ac_drive_crank_pulley_diameter,crank_pulley_diameter__in,ac_compressor.ppd,ac_compressor,crank pulley (A/C drive),length (diameter),—,nominal,crank pulley (A/C drive) — length (diameter); basis: —; characteristic: nominal,in,in,"in, mm",6 significant digits,SPECIFICATION,"ELECTRICAL, FLUID & UTILITIES",
block_deck_height,block_deck_height__in,deck_height.b,deck_height,engine block,length,crank centerline to deck (deck_height formula b-(s/2)-r-p),nominal,engine block — length; basis: crank centerline to deck (deck_height formula b-(s/2)-r-p); characteristic: nominal,in,in,"in, mm",6 significant digits,SPECIFICATION,ENGINE,
clutch_clamp_load,clamp_load__lbf,clutch_torque_capacity.clamp,clutch_torque_capacity,clutch pressure plate,force,—,nominal,clutch pressure plate — force; basis: —; characteristic: nominal,lbf,lbf,"lbf, N",6 significant digits,SPECIFICATION,CLUTCH & HYDRAULICS,
clutch_disc_mean_effective_radius,mean_effective_radius__in,clutch_torque_capacity.mean,clutch_torque_capacity,clutch disc friction surface,length (radius),mean effective,nominal,clutch disc friction surface — length (radius); basis: mean effective; characteristic: nominal,in,in,"in, mm",6 significant digits,SPECIFICATION,CLUTCH & HYDRAULICS,
clutch_fork_pivot_to_pushrod,pivot_to_pushrod__in,clutch_fork_ratio.push,clutch_fork_ratio,clutch fork,length,from pivot,nominal,clutch fork — length; basis: from pivot; characteristic: nominal,in,in,"in, mm",6 significant digits,SPECIFICATION,CLUTCH & HYDRAULICS,
clutch_fork_pivot_to_release_bearing,pivot_to_release_bearing__in,clutch_fork_ratio.pivot,clutch_fork_ratio,clutch fork,length,from pivot,nominal,clutch fork — length; basis: from pivot; characteristic: nominal,in,in,"in, mm",6 significant digits,SPECIFICATION,CLUTCH & HYDRAULICS,
clutch_pedal_arm_length,pedal_arm_length__in,clutch_pedal_ratio.input,clutch_pedal_ratio,clutch pedal,length,pivot to pad (calculator clutch_pedal_ratio),nominal,clutch pedal — length; basis: pivot to pad (calculator clutch_pedal_ratio); characteristic: nominal,in,in,"in, mm",6 significant digits,SPECIFICATION,CLUTCH & HYDRAULICS,
clutch_pedal_pivot_to_pushrod,pushrod_distance_from_pivot__in,clutch_pedal_ratio.output,clutch_pedal_ratio,clutch pedal,length,from pivot,nominal,clutch pedal — length; basis: from pivot; characteristic: nominal,in,in,"in, mm",6 significant digits,SPECIFICATION,CLUTCH & HYDRAULICS,
clutch_release_force,required_release_force__lbf,clutch_pedal_effort.release,clutch_pedal_effort,clutch (release),force,force to release (label),nominal,Force at the clutch release mechanism required to disengage the clutch (input of clutch_pedal_effort; same quantity as the Estimated Release Force output of clutch_release_force = pressure-plate load / release-lever ratio); distinct from clamp load and pressure-plate load,lbf,lbf,"lbf, N",6 significant digits,SPECIFICATION,CLUTCH & HYDRAULICS,
clutch_slave_cylinder_bore,slave_cylinder_bore__in,clutch_hydraulic_ratio.slave,clutch_hydraulic_ratio,clutch slave cylinder,length (bore diameter),—,nominal,clutch slave cylinder — length (bore diameter); basis: —; characteristic: nominal,in,in,"in, mm",6 significant digits,SPECIFICATION,CLUTCH & HYDRAULICS,
crankshaft_main_journal_diameter,main_journal_diameter__in,crank_journal_overlap.mj,crank_journal_overlap,crankshaft main journal,length (diameter),—,nominal,crankshaft main journal — length (diameter); basis: —; characteristic: nominal,in,in,"in, mm",6 significant digits,SPECIFICATION,ENGINE,
crankshaft_rod_journal_diameter,rod_journal_diameter__in,crank_journal_overlap.rj,crank_journal_overlap,crankshaft rod journal,length (diameter),—,nominal,crankshaft rod journal — length (diameter); basis: —; characteristic: nominal,in,in,"in, mm",6 significant digits,SPECIFICATION,ENGINE,
def_tank_capacity,def_tank__gal,diesel_def_range.tank,diesel_def_range,DEF tank,volume (capacity),—,capacity quantity,DEF tank — volume (capacity); basis: —; characteristic: capacity quantity,gal,gal,"gal (US), L",6 significant digits,SPECIFICATION,DIESEL AFTERTREATMENT,
front_overhang_lowest_point_height,front_lowest_point_height__in,approach_departure_angle.fh,approach_departure_angle,vehicle front overhang,length (height),lowest point,static,vehicle front overhang — length (height); basis: lowest point; characteristic: static,in,in,"in, mm",6 significant digits,SPECIFICATION,"SUSPENSION, TIRES & GEOMETRY",
front_overhang_lowest_point_horizontal_offset,front_horizontal_offset__in,approach_departure_angle.fo,approach_departure_angle,vehicle front overhang,length,"horizontal, tire contact to lowest point (formula)",static,"vehicle front overhang — length; basis: horizontal, tire contact to lowest point (formula); characteristic: static",in,in,"in, mm",6 significant digits,SPECIFICATION,"SUSPENSION, TIRES & GEOMETRY",
front_suspension_side_view_ic_height,front_suspension_instant_center_height__in,anti_dive.icH,anti_dive,front suspension,length (height),"SIDE-VIEW instant center (anti-dive, icH/cgH)",nominal,"front suspension — length (height); basis: SIDE-VIEW instant center (anti-dive, icH/cgH); characteristic: nominal",in,in,"in, mm",6 significant digits,SPECIFICATION,"SUSPENSION, TIRES & GEOMETRY",
ground_clearance_at_mid_wheelbase,ground_clearance_at_center__in,breakover_angle.ground,breakover_angle,vehicle,length (height),at mid-wheelbase (breakover geometry),static,vehicle — length (height); basis: at mid-wheelbase (breakover geometry); characteristic: static,in,in,"in, mm",6 significant digits,SPECIFICATION,"SUSPENSION, TIRES & GEOMETRY",
harmonic_balancer_diameter,balancer_diameter__in,timing_mark.bore5,timing_mark,harmonic balancer,length (diameter),outside diameter (timing tape),nominal,harmonic balancer — length (diameter); basis: outside diameter (timing tape); characteristic: nominal,in,in,"in, mm",6 significant digits,SPECIFICATION,"ELECTRICAL, FLUID & UTILITIES",
head_gasket_compressed_thickness,compressed_gasket_thickness__in,head_gasket_vol.comp_thick,head_gasket_vol,head gasket,length (thickness),compressed (vs free) — label,nominal,head gasket — length (thickness); basis: compressed (vs free) — label; characteristic: nominal,in,in,"in, mm",6 significant digits,SPECIFICATION,ENGINE,
intake_port_effective_flow_area,effective_flow_area__sq_in,mach_index.mi_a,mach_index,cylinder-head intake port,area,"""effective"" flow area (vs geometric) per label; which port NOT STATED",nominal,"cylinder-head intake port — area; basis: ""effective"" flow area (vs geometric) per label; which port NOT STATED; characteristic: nominal",sq in,sq in,"sq in, mm², cm²",6 significant digits,SPECIFICATION,"FUEL, AIR & EXHAUST",
jpipe_resonator_diameter,pipe_diameter__in,jpipe_resonator.dia_jp,jpipe_resonator,J-pipe resonator,length (diameter),ID vs OD NOT STATED,nominal,"J-pipe resonator diameter, defined as the INSIDE diameter. ENGINEERING INTERPRETATION FROM FROZEN FORMULA (Chamber Volume = (pi/4)*d^2*L/61.024 uses d for the enclosed volume); not explicit frozen help text (label ""Pipe Diameter""); requires engineering sign-off at formal approval",in,in,"in, mm",6 significant digits,SPECIFICATION,"FUEL, AIR & EXHAUST",
lf_front_view_ic_height,lf_instant_center_height__in,ct_moment_center.lf_mc,ct_moment_center,LF suspension,length (height),FRONT-VIEW instant center (moment-center construction),nominal,LF suspension — length (height); basis: FRONT-VIEW instant center (moment-center construction); characteristic: nominal,in,in,"in, mm",6 significant digits,SPECIFICATION,CIRCLE TRACK,
lf_front_view_ic_lateral_distance,lf_ic_distance_from_center__in,ct_moment_center.lf_track,ct_moment_center,LF suspension,length,"lateral, from centerline (front view)",nominal,"LF suspension — length; basis: lateral, from centerline (front view); characteristic: nominal",in,in,"in, mm",6 significant digits,SPECIFICATION,CIRCLE TRACK,
lr_jacking_screw_thread_pitch,bolt_thread_pitch__tpi,ct_jacking_bolt.thread_pitch,ct_jacking_bolt,LR spring-perch jacking screw,count per length (threads/in),—,nominal,LR spring-perch jacking screw — count per length (threads/in); basis: —; characteristic: nominal,TPI,TPI,"TPI (display only; thread-pitch-in-mm is a reciprocal, not a factor — not in V1)",6 significant digits,SPECIFICATION,CIRCLE TRACK,
max_steer_angle_inside_wheel,max_steer_angle_inside_wheel__deg,turning_radius.steer_angle,turning_radius,steering (inside wheel),angle,—,extremum (maximum steer),steering (inside wheel) — angle; basis: —; characteristic: extremum (maximum steer),°,°,° (no alternate in V1),6 significant digits,SPECIFICATION,"SUSPENSION, TIRES & GEOMETRY",
panhard_bar_height_at_axle,panhard_bar_height_at_axle__in,ct_panhard_roll.ph_ht,ct_panhard_roll,panhard bar,length (height),at axle end,nominal,panhard bar — length (height); basis: at axle end; characteristic: nominal,in,in,"in, mm",6 significant digits,SPECIFICATION,CIRCLE TRACK,
panhard_bar_length,panhard_bar_length__in,rc_watt_link.ph_len,rc_watt_link,panhard bar,length,—,nominal,panhard bar — length; basis: —; characteristic: nominal,in,in,"in, mm",6 significant digits,SPECIFICATION,ROAD COURSE,
piston_compression_height,piston_compression_height__in,deck_height.p,deck_height,piston,length,pin centerline to crown,nominal,piston — length; basis: pin centerline to crown; characteristic: nominal,in,in,"in, mm",6 significant digits,SPECIFICATION,ENGINE,
piston_crown_volume,piston_volume_dome_per_dish__cc,static_compression.piston,static_compression,piston crown,volume,sign: +dome / -dish (clearance = chamber+gasket-piston),nominal,"Piston crown volume; SIGN: dome = positive, dish = negative (frozen label ""+dome / -dish""; clearance = chamber + gasket - piston)",cc,cc,"cc, cu in",6 significant digits,SPECIFICATION,ENGINE,
portal_hub_drop_height,portal_drop_height__in,portal_gear_reduction.pgr_drop,portal_gear_reduction,portal hub,length,—,nominal,portal hub — length; basis: —; characteristic: nominal,in,in,"in, mm",6 significant digits,SPECIFICATION,DRIVETRAIN & GEARING,
portal_hub_reduction_ratio,portal_reduction_ratio__to_1,portal_gear_reduction.pgr_portal,portal_gear_reduction,portal hub gearing,speed reduction ratio,—,nominal,portal hub gearing — speed reduction ratio; basis: —; characteristic: nominal,:1,:1,(dimensionless — no conversion),6 significant digits,SPECIFICATION,DRIVETRAIN & GEARING,
pressure_plate_release_lever_ratio,release_lever_ratio__to_1,clutch_release_force.lever,clutch_release_force,pressure-plate release levers,lever (force) ratio (clamp/release; formula spring/lever),—,nominal,pressure-plate release levers — lever (force) ratio (clamp/release; formula spring/lever); basis: —; characteristic: nominal,:1,:1,(dimensionless — no conversion),6 significant digits,SPECIFICATION,CLUTCH & HYDRAULICS,
rear_overhang_lowest_point_height,rear_lowest_point_height__in,approach_departure_angle.rh,approach_departure_angle,vehicle rear overhang,length (height),lowest point,static,vehicle rear overhang — length (height); basis: lowest point; characteristic: static,in,in,"in, mm",6 significant digits,SPECIFICATION,"SUSPENSION, TIRES & GEOMETRY",
rear_overhang_lowest_point_horizontal_offset,rear_horizontal_offset__in,approach_departure_angle.ro,approach_departure_angle,vehicle rear overhang,length,"horizontal, tire contact to lowest point",static,"vehicle rear overhang — length; basis: horizontal, tire contact to lowest point; characteristic: static",in,in,"in, mm",6 significant digits,SPECIFICATION,"SUSPENSION, TIRES & GEOMETRY",
rear_suspension_side_view_ic_height_at_reference_wheelbase,instant_center_height_at_reference_wheelbase__in,anti_squat.ic,anti_squat,rear suspension,length (height),side-view IC projected at reference wheelbase,nominal,rear suspension — length (height); basis: side-view IC projected at reference wheelbase; characteristic: nominal,in,in,"in, mm",6 significant digits,SPECIFICATION,"SUSPENSION, TIRES & GEOMETRY",
rf_front_view_ic_height,rf_instant_center_height__in,ct_moment_center.rf_mc,ct_moment_center,RF suspension,length (height),FRONT-VIEW instant center,nominal,RF suspension — length (height); basis: FRONT-VIEW instant center; characteristic: nominal,in,in,"in, mm",6 significant digits,SPECIFICATION,CIRCLE TRACK,
rf_front_view_ic_lateral_distance,rf_ic_distance_from_center__in,ct_moment_center.rf_track,ct_moment_center,RF suspension,length,"lateral, from centerline (front view)",nominal,"RF suspension — length; basis: lateral, from centerline (front view); characteristic: nominal",in,in,"in, mm",6 significant digits,SPECIFICATION,CIRCLE TRACK,
supercharger_to_crank_speed_ratio,pulley_ratio_sc_to_crank__to_1,supercharger_speed.cr3,supercharger_speed,supercharger drive,speed ratio (SC speed / crank speed; formula rpm8*cr3),—,nominal,Supercharger speed / crank (engine) speed (frozen: Supercharger RPM = Engine RPM x ratio),:1,:1,(dimensionless — no conversion),6 significant digits,SPECIFICATION,FORCED INDUCTION,
torque_converter_stall_torque_ratio,torque_multiplication__to_1,torque_converter.mult,torque_converter,torque converter,torque ratio (output/input torque),at stall,characteristic state (stall),torque converter — torque ratio (output/input torque); basis: at stall; characteristic: characteristic state (stall),:1,:1,(dimensionless — no conversion),6 significant digits,SPECIFICATION,DRIVETRAIN & GEARING,
traction_battery_gross_energy,battery_energy__kwh,ev_range.batt,ev_range,traction battery,energy,gross (usable % applied separately in ev_range),capacity quantity,traction battery — energy; basis: gross (usable % applied separately in ev_range); characteristic: capacity quantity,kWh,kWh,kWh,6 significant digits,SPECIFICATION,ELECTRIC VEHICLES,
transfer_case_low_range_ratio,low_range_ratio__to_1,crawl_ratio.la,crawl_ratio,transfer case low range,speed reduction ratio (input/output speed),—,nominal,transfer case low range — speed reduction ratio (input/output speed); basis: —; characteristic: nominal,:1,:1,(dimensionless — no conversion),6 significant digits,SPECIFICATION,DRIVETRAIN & GEARING,
vehicle_cg_height,center_of_gravity_height__in,anti_squat.cg,anti_squat,vehicle,length (height),above ground,static,Vehicle centre-of-gravity height above ground (shared by anti_squat and anti_dive),in,in,"in, mm",6 significant digits,SPECIFICATION,"SUSPENSION, TIRES & GEOMETRY",IG-3
vehicle_cg_height,vehicle_cg_height__in,anti_dive.cgH,anti_dive,vehicle,length (height),above ground,static,Vehicle centre-of-gravity height above ground (shared by anti_squat and anti_dive),in,in,"in, mm",6 significant digits,SPECIFICATION,"SUSPENSION, TIRES & GEOMETRY",IG-3
vehicle_cg_lateral_from_left_side,cg_y_from_left_side__in,cg_3d.y,cg_3d,vehicle CG,length,lateral from left side,static,vehicle CG — length; basis: lateral from left side; characteristic: static,in,in,"in, mm",6 significant digits,SPECIFICATION,CHASSIS & WEIGHT,
vehicle_cg_longitudinal_from_front_axle,cg_x_from_front_axle__in,cg_3d.x,cg_3d,vehicle CG,length,longitudinal from front axle,static,vehicle CG — length; basis: longitudinal from front axle; characteristic: static,in,in,"in, mm",6 significant digits,SPECIFICATION,CHASSIS & WEIGHT,
vehicle_side_projected_area,side_area__sq_ft,crosswind_force.area2,crosswind_force,vehicle,area,side projected area,nominal,vehicle — area; basis: side projected area; characteristic: nominal,sq ft,sq ft,"sq ft, m²",6 significant digits,SPECIFICATION,PERFORMANCE,
vehicle_wheelbase,wheelbase_for_rear_steer_angle__in,rc_watt_link.ph_wb,rc_watt_link,vehicle,length (wheelbase),—,nominal,"Vehicle wheelbase (Watts-link use ""for rear-steer angle"" is use, not identity; Phase-2 wheelbase__in will map here after its own review)",in,in,"in, mm",6 significant digits,SPECIFICATION,ROAD COURSE,IG-7 resolved SHARED (vehicle wheelbase)
